title,company,location,link
요즘 시대 이웃 커뮤니티'우트'에서 개발자 팀원들을 채용합니다(총 4개 포지션),우트 주식회사,서울 성북구,https://www.indeed.com/viewjob?jk=70b17d46f5346f51
데이터 분석가 (Business Intelligence Analyst),코스닥 상장 중견 게임기업,서울 강남구,https://www.indeed.com/viewjob?jk=c1037225077ca4da
Undergrad Intern - Computer Vision/Machine Learning,Intel,서울,https://www.indeed.com/viewjob?jk=b2253ab4c8e59e33
[Search & Clova] Clova 체험형 인턴,네이버,대한민국,https://www.indeed.com/viewjob?jk=b4b6ee0fd83b8ce1
ADAS System Test Engineer (신입/경력),Continental,대한민국,https://www.indeed.com/viewjob?jk=f7c4e5e920a3d17a
Undergrad Intern - Software Engineer,Intel,서울,https://www.indeed.com/viewjob?jk=330072f3730ee5a9
리서치분야 경력직,케이지제로인,대한민국,https://www.indeed.com/viewjob?jk=9ebdf72100457715
Data Analyst,Jacobs,대한민국,https://www.indeed.com/viewjob?jk=1a530331452d5140
12월 경력,LG CNS,서울,https://www.indeed.com/viewjob?jk=4708fe6513fba6bb
기술 인턴 인공지능 응용 연구/개발 인턴,써로마인드로보틱스,서울 관악구,https://www.indeed.com/viewjob?jk=71c47ac87bb4087e
SDET Engineer,Nielsen,서울,https://www.indeed.com/viewjob?jk=c46c1d3d5b3fb904
저희회사와 함께하실 데이터전문가,데이터누리,서울 강서구,https://www.indeed.com/viewjob?jk=9d7ad8b33e118863
"Principal, Strategic Planning",Coupang,서울,https://www.indeed.com/viewjob?jk=8b29e16a2f9665f2
2020 Market Data Analyst - Seoul (Korean Speaker),Bloomberg,서울,https://www.indeed.com/viewjob?jk=212ca67d161b7162
Software Engineer Intern,스켈터랩스,서울 성수동,https://www.indeed.com/viewjob?jk=92a9e7bf1f0ac709
[관계사] 카카오엔터프라이즈 데이터 분석가,카카오엔터프라이즈,대한민국,https://www.indeed.com/viewjob?jk=7c2228a8e7c31540
[Search & Clova] Clova 신입 및 경력사원,네이버,대한민국,https://www.indeed.com/viewjob?jk=f3db6cf2ca577cac
[관계사] 카카오페이 정보시스템 데이터 개발자,카카오,대한민국,https://www.indeed.com/viewjob?jk=c7303e1563aa050d
H/W application Engineer,Qualcomm,서울,https://www.indeed.com/viewjob?jk=bca18ecf2b70beb3
2020년 소니코리아 신입/경력사원,소니코리아,서울 영등포구,https://www.indeed.com/viewjob?jk=752e523e0b85f9e2
"Front End Software Engineer, TensorFlow",Google,서울,https://www.indeed.com/viewjob?jk=bb22e1b9b7683013
2019하반기 SAS 빅데이터/DataAnalysis/Python/R 추가 인재,그루넷,서울 강남구,https://www.indeed.com/viewjob?jk=7f2f9d2df2603905
(상시) 인공지능 플랫폼 전문가,에셋플러스자산운용,대한민국,https://www.indeed.com/viewjob?jk=08f666285ac596ba
Design for Test (DFT) Engineer,SiFive,대한민국,https://www.indeed.com/viewjob?jk=6c6ccc05ec15dc41
[관계사] 카카오엔터프라이즈 AI기술 음성처리기술 개발자,카카오엔터프라이즈,대한민국,https://www.indeed.com/viewjob?jk=05132839beae0883
[관계사] 카카오엔터프라이즈 AI기술 자연어 처리 전문가,카카오엔터프라이즈,대한민국,https://www.indeed.com/viewjob?jk=57bcd6ddba55aebc
[관계사] 카카오엔터프라이즈 AI기술 머신 러닝 응용 분야 전문가,카카오엔터프라이즈,대한민국,https://www.indeed.com/viewjob?jk=ea3d406777869664
2019년 12월 수시,금호타이어,서울 종로구,https://www.indeed.com/viewjob?jk=3f7b6467d4547fbd
[관계사] 카카오모빌리티 보안엔지니어,카카오,대한민국,https://www.indeed.com/viewjob?jk=efa813baa92336d6
[관계사] 카카오엔터프라이즈 클라우드플랫폼 네트워크 엔지니어,카카오엔터프라이즈,대한민국,https://www.indeed.com/viewjob?jk=435fd002f0b73992
Data Science팀,AXA손해보험,서울,https://www.indeed.com/viewjob?jk=7d098f46e2047209
RF Production Test Engineer,Qualcomm,서울,https://www.indeed.com/viewjob?jk=9501d92030085af2
Physical Implementation Engineer,SiFive,대한민국,https://www.indeed.com/viewjob?jk=55537575b7dd8d87
AI Scientist - Symbolic AI (Natural Language Reasoning),MIND AI,서울,https://www.indeed.com/viewjob?jk=7b96b63ac704d98a
"데이터 가치 함께 발굴하실 머신러닝, 통계 모델링 전문가",카카오,성남 판교역,https://www.indeed.com/viewjob?jk=d1e75364ef505c68
Associate Solutions Engineer (Full Time) - Korea,Cisco Careers,서울,https://www.indeed.com/viewjob?jk=ecc3d4649fcbafab
Computational Linguist - AI (Natural Language Reasoning),MIND AI,서울,https://www.indeed.com/viewjob?jk=2bdd2465542edd04
Analytics Executive,Jellyfish UK,서울,https://www.indeed.com/viewjob?jk=879cbbb8ff2908de
Process & Data Scientist,Applied Materials Inc.,대한민국,https://www.indeed.com/viewjob?jk=b87ff4aabad6e65e
"Partner Engineer, Google Assistant",Google,서울,https://www.indeed.com/viewjob?jk=c6398dbbd3c4f4d9
[관계사] 카카오엔터프라이즈 검색플랫폼 검색시스템 개발자,카카오엔터프라이즈,대한민국,https://www.indeed.com/viewjob?jk=4e8ff3633a7c1c80
데이터 분석가,카카오,성남 판교역,https://www.indeed.com/viewjob?jk=092d062a6faa7139
Big Data Analysis & Optimization Engineer,Intel,서울,https://www.indeed.com/viewjob?jk=05b55274a764683c
Data Scientist,Terra,서울,https://www.indeed.com/viewjob?jk=83883bfd1f662d69
Data Scientist,Boston Consulting Group,서울,https://www.indeed.com/viewjob?jk=ce6747e77c861c46
"[월간 카카오 12월] 데이터 사이언티스트, 데이터 플랫폼개발자",카카오모빌리티,대한민국,https://www.indeed.com/viewjob?jk=31d3737189b11c13
Data Scientist,Supercell,서울,https://www.indeed.com/viewjob?jk=554c2e55cc985488
RF S/W application engineer,Qualcomm,서울,https://www.indeed.com/viewjob?jk=fb79bc06a5a579ac
Support Escalation Engineer - Azure Rapid Response,Microsoft,서울,https://www.indeed.com/viewjob?jk=a4af419773dcc025
Software Engineer in OPC UA,TÜV SÜD,서울 여의도,https://www.indeed.com/viewjob?jk=aa7d41d35d861b23
[Search & Clova] 파파고 Software Engineer 경력사원,네이버,대한민국,https://www.indeed.com/viewjob?jk=80f1a9fe40a6c290
[관계사] 카카오엔터프라이즈 데이터분석 빅 데이터 플랫폼 개발자,카카오엔터프라이즈,대한민국,https://www.indeed.com/viewjob?jk=7d7466adadc7b1b8
데이터 분석가 (Business Intelligence Analyst),코스닥 상장 중견 게임기업,서울 강남구,https://www.indeed.com/viewjob?jk=c1037225077ca4da
Healthcare Real World Data Analyst 담당자,IQVIA,서울,https://www.indeed.com/viewjob?jk=a39853230d5ceca8
[관계사] 카카오엔터프라이즈 솔루션딜리버리 서버 개발자,카카오엔터프라이즈,대한민국,https://www.indeed.com/viewjob?jk=83a9cf575207d925
분석지원팀 - 데이터 분석가,Nexon,성남 분당구,https://www.indeed.com/viewjob?jk=4233609a843b5e96
2019 Military Service Exemption Position Available at the IBS CMCM (Synthetic Organic/Polymer Chemistry OR Theoretical Study of Carbon and Related Materials),울산과학기술원,울산 언양읍,https://www.indeed.com/viewjob?jk=8becbf73bbda7c96
SW Application Engineer,Intel,서울,https://www.indeed.com/viewjob?jk=6efeca49db1417dc
"신입 개발자(Python, jsp) 채용",오픈이노베이션랩,대전 유성구,https://www.indeed.com/viewjob?jk=d3b7b8e80f0e9e8f
[Search&Clova] Clova 머신러닝 Scientist 개발 신입/경력사원,네이버,대한민국,https://www.indeed.com/viewjob?jk=257110e5aec08f6d
IT부문 경력직,하나펀드서비스,대한민국,https://www.indeed.com/viewjob?jk=4edbdaebae7b2b60
Software Developer - Front-End / Back-End,AITRICS,서울,https://www.indeed.com/viewjob?jk=5123207a169f90eb
System Administrator 2-IT (Datacenter Engineer),Oracle,서울,https://www.indeed.com/viewjob?jk=55dd3a1ce1248639
자산운용본부/전략기획본부 인턴,브이아이피자산운용,대한민국,https://www.indeed.com/viewjob?jk=d1d0f9bfa7226166
Field Application Engineer (FAE),LUCID Vision Labs,대한민국,https://www.indeed.com/viewjob?jk=56b86f7a1dc1dfe7
2019 위닉스 연구직 (~12/22),위닉스,경기도 시흥,https://www.indeed.com/viewjob?jk=4123fa84d16a0553
Engineer II - Test GSO,"Advanced Energy Industries, Inc",서울,https://www.indeed.com/viewjob?jk=962ccc68c40fa2d8
Associate Application Engineer OPC,Siemens AG,경기도 성남,https://www.indeed.com/viewjob?jk=0325380fce16f73b
랩오투원 신입/경력 개발자,유한책임회사랩오투원,부산,https://www.indeed.com/viewjob?jk=750977c97eeed4d5
[한국오라클] Data Center Technician (Engineer),한국오라클,강원도 춘천,https://www.indeed.com/viewjob?jk=3b15f329680f4cff
"Deep-learning research scientist for learning theory, knowledge transfer, and generative models",Qualcomm,서울,https://www.indeed.com/viewjob?jk=10c05e81d25374b0
2019 카카오 개발자 겨울 인턴십 ( 연계형),카카오페이,대한민국,https://www.indeed.com/viewjob?jk=7945a0d89423d660
Data Analytics Insight Analyst,IQVIA,서울,https://www.indeed.com/viewjob?jk=fce7b4323cb25841
추천 통계분석/데이터사이언티스트,Ground X,성남 판교역,https://www.indeed.com/viewjob?jk=bfe0f5ac4f32ec89
"[관계사] 카카오페이 빅데이터, 하둡(Hadoop) 플랫폼 운영 엔지니어",카카오,대한민국,https://www.indeed.com/viewjob?jk=3969bc31caaa7a19
네이버 일본 맛집 서비스 CONOMI 머신러닝 개발자,네이버,대한민국,https://www.indeed.com/viewjob?jk=feac8a234b715106
로보틱스 백엔드 SW개발,현대자동차,대한민국,https://www.indeed.com/viewjob?jk=8456ba630b7ac3ab
데이터 분석 모델 개발,현대오토에버,서울,https://www.indeed.com/viewjob?jk=c215879b997734c9
네트웍 자동화 시스템 개발,현대오토에버,서울,https://www.indeed.com/viewjob?jk=ce62a02c39383898
국내 최대통신사 Machine Vision SW 개발 (Smart Factory),인파트너스,서울 서초구,https://www.indeed.com/viewjob?jk=cbcdcfdfb7c00302
Data Analyst,Axiologic Solutions,서울,https://www.indeed.com/viewjob?jk=eb45c08f4c4a43d8
"DevOps Engineer JAVA, Python, Ruby, Node.js","15년 연혁의 시스템소프트웨어 개발,공급,홈페이지 구축,모바일컨텐츠서비스 개발 및 공급업체",서울 강남구,https://www.indeed.com/viewjob?jk=f856430ae22f90c1
Hadoop Eco 관리 모듈 개발,현대오토에버,서울,https://www.indeed.com/viewjob?jk=c573c45404960f8f
"경력사원 추가(정보보호담당, 개인정보보호담당,법무담당)",제주항공,서울 강서구,https://www.indeed.com/viewjob?jk=04e29ad6a0e7c303
Senior Business Analysis (Strategic Planning),Coupang,서울,https://www.indeed.com/viewjob?jk=5f3b7800e776da58
Client Solutions Engineer,Cover Genius,서울,https://www.indeed.com/viewjob?jk=9ec6ee8ffbdef537
Algorithm Application Engineer,Garrett Advancing Motion,경기도,https://www.indeed.com/viewjob?jk=8c47e8f334705d2e
대용량 분산 스토리지 개발자,카카오,성남 판교역,https://www.indeed.com/viewjob?jk=37d1f6dbb37f8a38
추천 시스템 연구/개발,카카오,성남 판교역,https://www.indeed.com/viewjob?jk=be6c1f03fa566f8e
[관계사] 카카오엔터프라이즈 검색플랫폼 빅데이터 분석 및 AI 개발자,카카오엔터프라이즈,대한민국,https://www.indeed.com/viewjob?jk=5a1e5f692cb9bd82
정답형 검색 서비스 개발자,네이버,대한민국,https://www.indeed.com/viewjob?jk=0de9da46737b4c75
Support Engineer,Microsoft,서울,https://www.indeed.com/viewjob?jk=0bbf23c0930be392
Data Scientist / Senior Data Scientist,Munich Re,서울,https://www.indeed.com/viewjob?jk=4c307b515db3ada1
자연어처리전문가 금융챗봇 만들어 갈 엔지니어,파운트,서울 충정로역,https://www.indeed.com/viewjob?jk=a50fce6cc2cb57c9
[EY한영] 컨설팅본부(Advisory) PI-Customer팀 경력직 모집,EY,대한민국,https://www.indeed.com/viewjob?jk=aa9fe8e9fd5c6f84
Research Engineer - Machine Learning,AITRICS,서울,https://www.indeed.com/viewjob?jk=05ce3c7d5c6c368c
[관계사] Ground X 블록체인 플랫폼 개발 - 주니어,Ground X,대한민국,https://www.indeed.com/viewjob?jk=fed56096e9448537
Support Engineer_Azure Networking,Microsoft,서울,https://www.indeed.com/viewjob?jk=25bbf0a06be8cf97
"프로그래머 _딥러닝,텐서플로우,어플리케이션,웹프로그램,응용프로그램",웹플래너,서울 용산구,https://www.indeed.com/viewjob?jk=3b329915cfdac5dc
키친엑스에서 자동화 기계관련 일 함께할 인재 하고 있습니다.,키친엑스,서울 용산구,https://www.indeed.com/viewjob?jk=0eb67a446a37b284
반도체 frontend engineer,반도체,서울 동작구,https://www.indeed.com/viewjob?jk=a0a9534f0fd9e72c
Lead Application Engineer,ANSYS,서울,https://www.indeed.com/viewjob?jk=6f15637e25d5cd7a
네이버 UGC어뷰징 백엔드 개발자,네이버,대한민국,https://www.indeed.com/viewjob?jk=8f869aed65026ced
요즘 시대 이웃 커뮤니티'우트'에서 개발자 팀원들을 채용합니다(총 4개 포지션),우트 주식회사,서울 성북구,https://www.indeed.com/viewjob?jk=70b17d46f5346f51
요즘 시대 이웃 커뮤니티'우트'에서 개발자 팀원들을 채용합니다(총 4개 포지션),우트 주식회사,서울 성북구,https://www.indeed.com/viewjob?jk=70b17d46f5346f51
데이터 분석 및 모델링 (페이코 쿠폰/광고 타겟팅),NHN,성남 판교역,https://www.indeed.com/viewjob?jk=4e17fe419583b40b
"금융 데이터 분석 엔진, 로보어드바이저 개발자",에스비씨엔,서울 영등포구,https://www.indeed.com/viewjob?jk=649ccf047c868778
머신러닝/딥러닝,NHN,성남 판교역,https://www.indeed.com/viewjob?jk=cd8ee27085e6a2ff
[판교]기술지원,NHN Service] [판교,경기도,https://www.indeed.com/viewjob?jk=466ed639df372448
[관계사] 카카오페이 데이터 기반 서비스 개발 담당자,카카오,대한민국,https://www.indeed.com/viewjob?jk=58750cc2774e11e5
[관계사] 카카오엔터프라이즈 AI검색플랫폼 머신러닝 개발자,카카오엔터프라이즈,대한민국,https://www.indeed.com/viewjob?jk=4b32383cefd20455
[관계사] 카카오엔터프라이즈 AI 소프트웨어 백엔드 개발자,카카오엔터프라이즈,대한민국,https://www.indeed.com/viewjob?jk=18780eb3b788a924
RF Layout engineer 5G NR Software Engineer,무선랜 와이브로칩 등 통신용반도체설계 및 전자부품 시스템 연구개발사업,서울 동작구,https://www.indeed.com/viewjob?jk=e81e92deba0f2c73
[관계사] 카카오엔터프라이즈 솔루션딜리버리 Back-End 설계/개발자,카카오엔터프라이즈,대한민국,https://www.indeed.com/viewjob?jk=c5d54895b298a530
신입/경력 정규직,KB저축은행,서울 송파구,https://www.indeed.com/viewjob?jk=133a80b7fdd482bf
국내 리딩 SI 솔루션 기업 Data Scientist (제조)포지션ASAP,국내 리딩 SI솔루션 기업,서울 강남구,https://www.indeed.com/viewjob?jk=c71ce259812f9497
Junior Quant Trader,Byzantine Partners,서울,https://www.indeed.com/viewjob?jk=c8933c2704ef3525
BI 운영 그룹 주력계열사,그룹 주력계열사,서울특별시,https://www.indeed.com/viewjob?jk=e5098c47e3662580
Developer / Designer recruit,마이뮤직테이스트,서울 논현동,https://www.indeed.com/viewjob?jk=55a19c92c845685e
국내 메이저 SI기업 Data Scientist (제조) 포지션,국내 리딩 SI솔루션 기업,서울 송파구,https://www.indeed.com/viewjob?jk=0bbd3c4da4852f79
해외 근무가능한 PIE( Process Integration Engineering) 엔지니어,"해외있는 S,H사 같은 규모큰 반도체 Chip Maker 회사",성남 판교역,https://www.indeed.com/viewjob?jk=cb0bde3d5f4654b8
Data Scientist / Data Analyst (경력),KB저축은행,서울,https://www.indeed.com/viewjob?jk=f8e55f9b8bc26e78
제2019-3회 수리 및 계산과학 연구단 데이터사이언스그룹 연구직(비영년직트랙),기초과학연구원,대전,https://www.indeed.com/viewjob?jk=052c5ec3d233c158
[Sanofi/사노피] Data Analytics Specialist,사노피-아벤티스 코리아,서울 서초구,https://www.indeed.com/viewjob?jk=296919064d22383e
[보안]보안솔루션 운영 담당자(정규직),위메프,대한민국,https://www.indeed.com/viewjob?jk=84fd4c2127309eea
[관계사] 카카오엔터프라이즈 클라우드플랫폼 클라우드 개발자,카카오엔터프라이즈,대한민국,https://www.indeed.com/viewjob?jk=f5ab31e598248aa8
[관계사] 카카오엔터프라이즈 데이터분석 웹 프론트 개발자,카카오엔터프라이즈,대한민국,https://www.indeed.com/viewjob?jk=f1925785ec3c5385
[관계사] 카카오엔터프라이즈 클라우드 인프라 엔지니어,카카오엔터프라이즈,대한민국,https://www.indeed.com/viewjob?jk=7500f951e11753a3
[경력] 빅데이터 및 데이터분석 컨설팅 - Digital 본부,삼정 KPMG,서울 강남구,https://www.indeed.com/viewjob?jk=e4526d75d18b3635
"[데이터 분석 스타트업] UI/UX개발/고객행동분석 (Python, GA, Database)",온누리아이코리아,서울 금천구,https://www.indeed.com/viewjob?jk=abeb2f106393ad76
Software Engineer - Seoul,"Moloco, Inc.",서울,https://www.indeed.com/viewjob?jk=5bfbfb0c0cefec76
Software Engineer,ODK Media Inc,서울 강남구,https://www.indeed.com/viewjob?jk=6daac0e14dba7787
"R&D Engineer, Sr II",Synopsys,서울,https://www.indeed.com/viewjob?jk=97cd5ccd438dc126
[Sr.Analyst] Business Intelligence Engineer,딜리버리히어로 코리아,서울,https://www.indeed.com/viewjob?jk=658417a2639bc085
Data Science팀 인턴 채용(3개월),AXA손해보험,서울 갈월동,https://www.indeed.com/viewjob?jk=ff4eddb64c681708
[던전앤파이터(글로벌)] 게임 데이터 분석가,네오플,서울 강남구,https://www.indeed.com/viewjob?jk=4f09f889fa3cfd34
광고팀 - 분석가,Nexon,성남 분당구,https://www.indeed.com/viewjob?jk=3a08c7089343733d
카카오톡 보이스톡/페이스톡/라이브톡 개발자,카카오,성남 판교역,https://www.indeed.com/viewjob?jk=d585814d097935eb
빅데이터 플랫폼 및 BI시스템 구축 그룹 IT계열사 new,그룹 IT계열사,서울특별시,https://www.indeed.com/viewjob?jk=c1936b77c8be4bcf
[라프텔] 마케팅 담당자,리디,서울,https://www.indeed.com/viewjob?jk=00af8f1bc324ef8d
NXLog리포트팀 - 데이터분석가/리포트기획자,Nexon,성남 분당구,https://www.indeed.com/viewjob?jk=2e7356773e141079
데이터분석 (신입),퍼포먼스바이티비더블유에이,서울,https://www.indeed.com/viewjob?jk=fa3aab9ba448b081
의료 영상처리 엔지니어,인코리아 프로페셔널(헤드헌팅),서울 강남구,https://www.indeed.com/viewjob?jk=7e39ea40065ef05d
Software Engineer / Sr. Software Engineer(C++ / Python Developer),Nielsen,서울,https://www.indeed.com/viewjob?jk=686cdc6df95f159f
Analog 설계 Logic 설계 Firmware 개발,하드웨어 및 펌웨어 시스템 솔루션 설계 및 개발,수원 영통역,https://www.indeed.com/viewjob?jk=9593a9ff08a55829
AI (DL/ML) 개발,SSG.COM,서울,https://www.indeed.com/viewjob?jk=452391afe50179b1
AI팀(액티브 퀀트/인덱스 펀드) 사원·대리급,이스트스프링자산운용,대한민국,https://www.indeed.com/viewjob?jk=7bf30c81a0e59d82
WebRTC UC & Collaboration Developer,Ericsson,서울,https://www.indeed.com/viewjob?jk=404ca05b36be1e83
분석 플랫폼 웹 프론트 엔지니어,Nexon,성남 분당구,https://www.indeed.com/viewjob?jk=eeb027369cdab361
Junior Open Source Intelligence Analyst,Barbaricum,경기도 평택,https://www.indeed.com/viewjob?jk=ef431e3d9b4f3f4c
[Search&Clova] Clova 음성인식 기술 개발 경력사원,네이버,대한민국,https://www.indeed.com/viewjob?jk=1533d08015a46cfc
Cloud Support Engineer- Big Data,Amazon Web Services Korea LLC,서울,https://www.indeed.com/viewjob?jk=2fde1290ada705ac
"Sales Engineer (Pre-Sales), Korea",Recorded Future,서울,https://www.indeed.com/viewjob?jk=1a0fc032fa7d6866
Senior Sales Engineer - South Korea.,EnterpriseDB,경기도,https://www.indeed.com/viewjob?jk=f5303064d8476eae
R&D 연구원 신입 정규직,스칼라웍스,서울 금천구,https://www.indeed.com/viewjob?jk=70f513e9782febab
데이터 분석가 (Business Intelligence Analyst),코스닥 상장 중견 게임기업,서울 강남구,https://www.indeed.com/viewjob?jk=c1037225077ca4da
데이터 분석가 (Business Intelligence Analyst),코스닥 상장 중견 게임기업,서울 강남구,https://www.indeed.com/viewjob?jk=c1037225077ca4da
니트머스 광고 솔루션 개발(Python),니트머스,서울 명동,https://www.indeed.com/viewjob?jk=433026a91ad88cf1
R&D 연구원,스칼라웍스,서울 금천구,https://www.indeed.com/viewjob?jk=bffe75d1e38dbd6e
[EY한영] 컨설팅본부(Advisory) Java 개발자 경력직 모집,EY,대한민국,https://www.indeed.com/viewjob?jk=52a34298ecaaac39
Digital Logic Design Engineer 및 SoC 설계 엔지니어,무선랜 와이브로칩 등 통신용반도체설계 및 전자부품 시스템 연구개발사업,서울 동작구,https://www.indeed.com/viewjob?jk=3fc79f0f6bbc3694
시스템엔지니어,Nexon,성남 분당구,https://www.indeed.com/viewjob?jk=d6802c2215aa9f6f
"DataAnalysis,생명공학,python,머신러닝,R 외 경력무관",닥터노아바이오텍,수원 영통구,https://www.indeed.com/viewjob?jk=4d184098e599d76e
데스크탑 가상화(VDI) 엔지니어,카카오모빌리티,성남 판교역,https://www.indeed.com/viewjob?jk=530a598184580c95
퍼즐데이터 역량있는 데이터 분석가,주식회사퍼즐데이터,서울 역삼동,https://www.indeed.com/viewjob?jk=116009dbf59211ed
Lead Application Backend Developer – Mobile,BOEING,서울,https://www.indeed.com/viewjob?jk=8624753c574a9d25
Marketing Science Director,KANTAR,서울,https://www.indeed.com/viewjob?jk=53ea82c70f836537
데이터 분석 솔루션 구축 담당자(R / Python / java),비아이매트릭스,서울 강남구,https://www.indeed.com/viewjob?jk=1c66a078c17d6cc4
[동영상플랫폼] 연계형 인턴십,네이버,대한민국,https://www.indeed.com/viewjob?jk=e65a195da656bcdc
[관계사] 카카오모빌리티 DevOps엔지니어,카카오,대한민국,https://www.indeed.com/viewjob?jk=3429314fff887dea
[Search & Clova] NAVER Search 이미지 검색서버개발 신입/경력사원,네이버,대한민국,https://www.indeed.com/viewjob?jk=a771637c0eeffc26
[개발]위메프오 서비스 서버개발자(정규직),위메프,대한민국,https://www.indeed.com/viewjob?jk=5f3a399e83a81379
[기술기획/인사] 사내시스템 개발자,카카오뱅크,경기도 성남,https://www.indeed.com/viewjob?jk=ccd056d7d170f295
Data Scientist,Tapjoy,서울,https://www.indeed.com/viewjob?jk=980af03df0416292
리서치센터 RA,신한금융투자,대한민국,https://www.indeed.com/viewjob?jk=5f7da090abe24e91
로봇 기반 Vision 서비스 개발 그룹 IT인프라 구축,그룹 IT인프라 구축,서울특별시,https://www.indeed.com/viewjob?jk=6f3b8c137683ada9
Application Backend Developer,BOEING,서울,https://www.indeed.com/viewjob?jk=a8ed60198075d112
데이터 분석가,리디,서울특별시,https://www.indeed.com/viewjob?jk=97db65c18d3eac8e
[Sr.Analyst] Data Engineer,딜리버리히어로 코리아,서울,https://www.indeed.com/viewjob?jk=7e2756296ec0031f
"[해외취업] 일본 함께 활약하실 프로그래머,시스템엔지니어",スイングバイテクノロジー株式会社,대한민국,https://www.indeed.com/viewjob?jk=488d155cf12af099
MySQL Engineer,카카오페이,성남 판교역,https://www.indeed.com/viewjob?jk=dd06066d79860614
"AWS 클라우드 기반 데이터 추출, 정제, 통계 분석, 기계 학습, AI, Reporting","15년 연혁의 시스템소프트웨어 개발,공급,홈페이지 구축,모바일컨텐츠서비스 개발 및 공급업체",서울 강남구,https://www.indeed.com/viewjob?jk=d7c92fe3cb2a25a7
Field Service Engineer,Novetta,서울,https://www.indeed.com/viewjob?jk=aefb647f9116ad28
AI 기반 로봇 서비스 개발 그룹 IT 인프라 구축,그룹 IT 인프라 구축,서울특별시,https://www.indeed.com/viewjob?jk=d9086035792f01d0
Account Solutions Architect - Samsung,"Red Hat, Inc.",서울,https://www.indeed.com/viewjob?jk=ac3faf685473527b
"Applications Engineer, Sr I",Synopsys,서울,https://www.indeed.com/viewjob?jk=3f5c12e67f5b979e
Alibaba Cloud Solutions Architect South Korea,Alibaba,서울,https://www.indeed.com/viewjob?jk=507c657198a7d65b
국내 리딩 SI 솔루션 기업 Data Scientist 포지션ASAP,국내 리딩 ISI 솔루션 기업,서울 강남구,https://www.indeed.com/viewjob?jk=86cda25730ac8b95
EQUITY본부 경력직,KB증권,대한민국,https://www.indeed.com/viewjob?jk=de6034fa3ef850c8
[Sr.Analyst] Data Scientist,딜리버리히어로 코리아,서울,https://www.indeed.com/viewjob?jk=3b01ccfee45fb86a
트레이딩본부 (신입),메리츠종합금융증권,대한민국,https://www.indeed.com/viewjob?jk=7c57fb8fc418e996
NGS 시퀀싱 빅데이터 AI 분석 신약센터 연구원 신약센터 PM,"체외진단기기 개발, 분석시스템",서울 상암동,https://www.indeed.com/viewjob?jk=0045540e3863ded2
[PUBG LITE] PC Analyst,펍지,서울,https://www.indeed.com/viewjob?jk=67601fff5f1ecbd9
기업부설 연구소장,(주)솔루게이트,서울 가산동,https://www.indeed.com/viewjob?jk=481ee3d91db4e00c
Strategic Data Analytics Manager,JTI,서울,https://www.indeed.com/viewjob?jk=222f311b3b75b965
Linux/Python/PHP/MySQL/백엔드 정규직 경력,일루미나리안,용인 보정동,https://www.indeed.com/viewjob?jk=04d685fc70b67d4e
주니어 데이터 엔지니어 / Junior Data Engineer,Bagelcode,서울,https://www.indeed.com/viewjob?jk=65232d6e37b8f7fb
[라프텔] 서버(백엔드) 개발자,RIDI Corp,서울,https://www.indeed.com/viewjob?jk=a68ab25e4be6054e
Data Analyst,"Miso, Inc.",서울,https://www.indeed.com/viewjob?jk=c53eea74ccad7b07
Researcher(AI/Deep Learning),Calm Island,서울,https://www.indeed.com/viewjob?jk=ba8773ea606ae9f3
Data Analyst (FC & Transportation),Coupang,서울,https://www.indeed.com/viewjob?jk=872e4ef109d7872a
데이터베이스 설계 및 데이터 분석,토이스미스,서울특별시,https://www.indeed.com/viewjob?jk=b347cd20340197fb
Product Test Engineer - GPU,NVIDIA,서울,https://www.indeed.com/viewjob?jk=48ca423ba9cc3be4
"Solution Architect, Data Scientist - WWFO",NVIDIA,서울,https://www.indeed.com/viewjob?jk=475bfcb9fe2956fa
Data Analytics specialist,Sanofi,서울,https://www.indeed.com/viewjob?jk=6eefdf7d9fa7e6a3
시스템엔지니어,마이뱅크,서울 중구,https://www.indeed.com/viewjob?jk=0685dd2d780256ff
[커피프랜차이즈기업]그룹 계열사 웹 어플리케이션 개발 (팀장급),커리어셀파,성남 분당구,https://www.indeed.com/viewjob?jk=f74f5a81686860b5
요즘 시대 이웃 커뮤니티'우트'에서 개발자 팀원들을 채용합니다(총 4개 포지션),우트 주식회사,서울 성북구,https://www.indeed.com/viewjob?jk=70b17d46f5346f51
요즘 시대 이웃 커뮤니티'우트'에서 개발자 팀원들을 채용합니다(총 4개 포지션),우트 주식회사,서울 성북구,https://www.indeed.com/viewjob?jk=70b17d46f5346f51
[기술기획/인사] 사내시스템 개발자,카카오뱅크,경기도 성남,https://www.indeed.com/viewjob?jk=ccd056d7d170f295
테크빌더팀 - 개발자 (백앤드),Nexon,성남 분당구,https://www.indeed.com/viewjob?jk=6d527590548dbcab
경력 및 신입직원,KIS채권평가,대한민국,https://www.indeed.com/viewjob?jk=557b3d9aae378005
"Customer Solutions Engineer, Global Client and Agency Solutions",Google,서울,https://www.indeed.com/viewjob?jk=2615f45e6f912c05
Cloud Support Engineer - Linux,Amazon Web Services Korea LLC,서울,https://www.indeed.com/viewjob?jk=982c2a9c3f3caba3
[수시] ESTsecurity 웹프론트 개발 (경력),이스트소프트,서울 서초구,https://www.indeed.com/viewjob?jk=bfee747ee084b019
[수시] ESTsecurity 서버 백엔드 개발 (경력),이스트소프트,서울 서초구,https://www.indeed.com/viewjob?jk=4baef3431a39f0c4
[PUBG LITE] PC Analyst,펍지,서울,https://www.indeed.com/viewjob?jk=67601fff5f1ecbd9
[관계사] 카카오페이 데이터 기반 서비스 개발 담당자,카카오,대한민국,https://www.indeed.com/viewjob?jk=58750cc2774e11e5
메시지발송 플랫폼 개발자,Nexon,성남 분당구,https://www.indeed.com/viewjob?jk=eaee1538d8cc832f
정규직 IT 개발자,한국신용평가,서울 영등포구,https://www.indeed.com/viewjob?jk=741006c1649dcc59
Front-End Design Back-End Design,반도체,성남 판교역,https://www.indeed.com/viewjob?jk=d409e77a32705a9a
"[데이터 분석 스타트업] UI/UX개발/고객행동분석 (Python, GA, Database)",온누리아이코리아,서울 금천구,https://www.indeed.com/viewjob?jk=abeb2f106393ad76
데이터 플랫폼 개발,NHN PAYCO,성남 판교역,https://www.indeed.com/viewjob?jk=a65baa1929f29393
Principal Business Analysis (Growth Marketing Analytics),Coupang,서울,https://www.indeed.com/viewjob?jk=2b8a63d6cc91a04c
"데이터 가치 함께 발굴하실 머신러닝, 통계 모델링 전문가",카카오,성남 판교역,https://www.indeed.com/viewjob?jk=d1e75364ef505c68
[개발]신사업 프론트 개발자(정규직),위메프,대한민국,https://www.indeed.com/viewjob?jk=4a15477d2c1a28a0
Manager,"CDNetworks Co.,Ltd.",서울,https://www.indeed.com/viewjob?jk=b24e1d2b40a3b349
인프라 서비스 플랫폼 개발자,스테이지파이브,성남 판교역,https://www.indeed.com/viewjob?jk=b4e96a7dcac2f50a
외국계 반도체 Verification Engineer,규모가 큰 외국계 반도체 Design House,성남 분당구,https://www.indeed.com/viewjob?jk=a8dad71cfd67845d
Hadoop Eco 관리 모듈 개발,현대오토에버,서울,https://www.indeed.com/viewjob?jk=c573c45404960f8f
[관계사] Ground X 블록체인 플랫폼 개발 - 주니어,Ground X,대한민국,https://www.indeed.com/viewjob?jk=fed56096e9448537
카카오톡 서버 개발자,카카오모빌리티,성남 판교역,https://www.indeed.com/viewjob?jk=21f720e55bab4c8d
해외 근무가능한 PIE( Process Integration Engineering) 엔지니어,"해외있는 S,H사 같은 규모큰 반도체 Chip Maker 회사",성남 판교역,https://www.indeed.com/viewjob?jk=cb0bde3d5f4654b8
Data Center Technician,Amzn Corporate Services Korea,서울,https://www.indeed.com/viewjob?jk=1f542078927eb1e4
Data Analyst,"Miso, Inc.",서울,https://www.indeed.com/viewjob?jk=c53eea74ccad7b07
[Sr.Analyst] Business Intelligence Engineer,딜리버리히어로 코리아,서울,https://www.indeed.com/viewjob?jk=658417a2639bc085
"[데이터 사이언티스트] 이미지 처리 기반 (R, Python, C++)",세계에서 가장 빠른 슈퍼박테리아 검사기술기업,서울 가산동,https://www.indeed.com/viewjob?jk=3593997b29d7bc8a
IT부문 경력직,하나펀드서비스,대한민국,https://www.indeed.com/viewjob?jk=4edbdaebae7b2b60
"드론 데이터 스타트업, 엔젤스윙 엔지니어",엔젤스윙,서울 관악구,https://www.indeed.com/viewjob?jk=d017610d9828199c
AI (DL/ML) 개발,SSG.COM,서울,https://www.indeed.com/viewjob?jk=452391afe50179b1
글로벌&모바일 플랫폼 운영을 담당할 를 합니다.,Nexon,성남 분당구,https://www.indeed.com/viewjob?jk=281fb1cb3dff0cf8
[한국오라클] Data Center Technician (Engineer),한국오라클,강원도 춘천,https://www.indeed.com/viewjob?jk=3b15f329680f4cff
ASIC 프론트엔드 및 백엔드 Engineer,15년 이상 연혁의 1000억 이상 매출,성남 분당구,https://www.indeed.com/viewjob?jk=9c3f4a39c916497c
리서치센터 RA,신한금융투자,대한민국,https://www.indeed.com/viewjob?jk=5f7da090abe24e91
Senior Software Engineer,BOEING,서울,https://www.indeed.com/viewjob?jk=9f26c2fbcaf1b9bc
[관계사] 카카오엔터프라이즈 AI 소프트웨어 백엔드 개발자,카카오엔터프라이즈,대한민국,https://www.indeed.com/viewjob?jk=18780eb3b788a924
[관계사] 카카오엔터프라이즈 클라우드 인프라 엔지니어,카카오엔터프라이즈,대한민국,https://www.indeed.com/viewjob?jk=7500f951e11753a3
서버 개발 백엔드 교육 강사,패스트캠퍼스(Fastcampus),서울 성동구,https://www.indeed.com/viewjob?jk=14d92cf867237189
머신러닝/딥러닝,NHN,성남 판교역,https://www.indeed.com/viewjob?jk=cd8ee27085e6a2ff
인간중심 지능형 시스템 연구실 위촉연구원,광주과학기술원,광주 북구,https://www.indeed.com/viewjob?jk=2485e93043545d8a
[동영상플랫폼] 연계형 인턴십,네이버,대한민국,https://www.indeed.com/viewjob?jk=e65a195da656bcdc
[관계사] 카카오페이 데이터 사이언티스트(Data Scientist),카카오페이,대한민국,https://www.indeed.com/viewjob?jk=25351f9ce2b78194
Senior Solutions Architect - Amazon Connect,Amazon Web Services Korea LLC,서울,https://www.indeed.com/viewjob?jk=5c6723a17ad467f6
Junior Full-Stack Developer,Asiance,서울,https://www.indeed.com/viewjob?jk=7268328c0d71d81c
Field Application Engineer (VECTOR KOREA IT),벡터코리아아이티,서울 용산구,https://www.indeed.com/viewjob?jk=489d55975cf681ee
[Search & Clova] NAVER Search 이미지 검색서버개발 신입/경력사원,네이버,대한민국,https://www.indeed.com/viewjob?jk=a771637c0eeffc26
Customer Facing Data Scientist,Ever Better Recruitment (EBR),서울,https://www.indeed.com/viewjob?jk=b06176c3a7092e0a
트레이딩본부 (신입),메리츠종합금융증권,대한민국,https://www.indeed.com/viewjob?jk=7c57fb8fc418e996
데이터 분석가 (Business Intelligence Analyst),코스닥 상장 중견 게임기업,서울 강남구,https://www.indeed.com/viewjob?jk=c1037225077ca4da
"(정규직)2019하반기~2020상반기 웹개발자, 웹디자이너 신입환영&경력우대",네오라이프코어,서울 영등포구,https://www.indeed.com/viewjob?jk=e548606e155d7df6
[관계사] 카카오엔터프라이즈 AI검색플랫폼 머신러닝 개발자,카카오엔터프라이즈,대한민국,https://www.indeed.com/viewjob?jk=4b32383cefd20455
BI 운영 그룹 주력계열사,그룹 주력계열사,서울특별시,https://www.indeed.com/viewjob?jk=e5098c47e3662580
자동화 기계관련 일을 함께할 인재,키친엑스,서울특별시,https://www.indeed.com/viewjob?jk=f43c4f4e6a9ba205
"[해외취업] 일본 함께 활약하실 프로그래머,시스템엔지니어",スイングバイテクノロジー株式会社,대한민국,https://www.indeed.com/viewjob?jk=488d155cf12af099
() Automotive 반도체 연구 개발 및 지원(FAE) 업무 - 상시 중,넥스트칩,성남 분당구,https://www.indeed.com/viewjob?jk=b8e67dbfa474f096
각 부문별 신입/경력직원 인재,펀드온라인코리아,대한민국,https://www.indeed.com/viewjob?jk=7a730622208e64b8
Unity S/W 개발 - 정규직,우누스 오토메이션 시스템즈,서울 강서구,https://www.indeed.com/viewjob?jk=e2d8717a88d313aa
데이터분석 (신입),퍼포먼스바이티비더블유에이,서울,https://www.indeed.com/viewjob?jk=fa3aab9ba448b081
원가/세무 (경력),태광실업,경상남도 김해,https://www.indeed.com/viewjob?jk=bc80024fcf679386
Linux/Python/PHP/MySQL/백엔드 정규직 경력,일루미나리안,용인 보정동,https://www.indeed.com/viewjob?jk=04d685fc70b67d4e
[멜론] 빅데이터 서비스 개발자,dk techin,성남 판교역,https://www.indeed.com/viewjob?jk=3e2a310c9dd0f693
국내 CRM 분석,인코리아 프로페셔널(헤드헌팅),서울 강남구,https://www.indeed.com/viewjob?jk=51a0fd8b3f50c295
스마트팩토리 솔루션 엔지니어,엘에스글로벌인코퍼레이티드,경기도 군포,https://www.indeed.com/viewjob?jk=8c75f30ee5d44d89
빅데이터 엔지니어,엘에스글로벌인코퍼레이티드,경기도 군포,https://www.indeed.com/viewjob?jk=3b228ac049b7b314
AI 기반 로봇 서비스 개발 그룹 IT 인프라 구축,그룹 IT 인프라 구축,서울특별시,https://www.indeed.com/viewjob?jk=d9086035792f01d0
[Search & Clova] 파파고 이미지 번역 연구/개발 경력사원,네이버,대한민국,https://www.indeed.com/viewjob?jk=efa90b57800ac678
바이오스타트기업 신약센터 연구원 빅데이터 AI분석,커리어셀파,서울 마포구,https://www.indeed.com/viewjob?jk=1582932edb72c68f
이상탐지팀 - 서비스 개발자,Nexon,성남 분당구,https://www.indeed.com/viewjob?jk=e787fde04b998e1a
네트워크 자동화 개발자,Nexon,성남 분당구,https://www.indeed.com/viewjob?jk=5ff17b27cd83a1c0
운용본부 알고리즘 개발,쿼터백자산운용,대한민국,https://www.indeed.com/viewjob?jk=e742b9139ca08058
"Senior MTS, Software/Firmware Engineer",Maxim Integrated,서울,https://www.indeed.com/viewjob?jk=3d3684a7416404d3
"AWS 클라우드 기반 데이터 추출, 정제, 통계 분석, 기계 학습, AI, Reporting","15년 연혁의 시스템소프트웨어 개발,공급,홈페이지 구축,모바일컨텐츠서비스 개발 및 공급업체",서울 강남구,https://www.indeed.com/viewjob?jk=d7c92fe3cb2a25a7
카카오톡 신규 서비스 서버 개발자,카카오,성남 판교역,https://www.indeed.com/viewjob?jk=de210ffb5a9ee0c4
"Principal, Business Analysis (Search and Discovery Analytics)",Coupang,서울,https://www.indeed.com/viewjob?jk=8d0b3a79363b5a69
[관계사] 카카오엔터프라이즈 검색플랫폼 빅데이터 분석 및 AI 개발자,카카오엔터프라이즈,대한민국,https://www.indeed.com/viewjob?jk=5a1e5f692cb9bd82
테크빌더팀 - 개발자 (프론트앤드),Nexon,성남 분당구,https://www.indeed.com/viewjob?jk=ddbea73728157cac
그라폴리오 서비스 개발자,네이버,대한민국,https://www.indeed.com/viewjob?jk=16af9c6f1bfd3844
"WEb 개발자 경력 정규직, 프리랜서",케이포시큐리티,서울,https://www.indeed.com/viewjob?jk=22ea43afd8105577
SW개발자 (경력 3년이상),ATTO 리서치,성남 분당구,https://www.indeed.com/viewjob?jk=d1eed5e5d7f031d7
Senior Technical Consultant,MathWorks,서울,https://www.indeed.com/viewjob?jk=22a5590c81649937
데이터 분석가,RIDI Corp,서울,https://www.indeed.com/viewjob?jk=d858740d42dfb84d
"MVP 개발 엔지니어(서버, 웹프론트) (정규직, 계약직, 프리랜서)",더테스터,대전 중구,https://www.indeed.com/viewjob?jk=1748baa27965fdbf
"Principal, Data Engineer (EDW Data Processing)",Coupang,서울,https://www.indeed.com/viewjob?jk=f79f6cd3e91fcc1a
[정규직/본사근무] PHP 웹 개발자 (경력),이랜서,서울 강남구,https://www.indeed.com/viewjob?jk=194a28e271f583b3
정보계(DW) 시스템 IT 개발,케이뱅크은행,서울,https://www.indeed.com/viewjob?jk=f5aa64f66cb75c48
자연어처리전문가 금융챗봇 만들어 갈 엔지니어,파운트,서울 충정로역,https://www.indeed.com/viewjob?jk=a50fce6cc2cb57c9
"Manager, Data Science",Nielsen,서울,https://www.indeed.com/viewjob?jk=02ebc7cc45355385
[Search&Clova] Clova 챗봇 Platform 개발 신입/경력사원,네이버,대한민국,https://www.indeed.com/viewjob?jk=b2cfcc7d4b79c216
챗봇 플랫폼 개발자,카카오,성남 판교역,https://www.indeed.com/viewjob?jk=20d40ee61adffeca
추천 시스템 소프트웨어 엔지니어,카카오,성남 판교역,https://www.indeed.com/viewjob?jk=07375dc4e800dfa9
소프트웨어 개발 지원,에스티앤아이,울산 중구,https://www.indeed.com/viewjob?jk=68c14a5d14838034
8퍼센트 경력 개발자,8퍼센트,서울 종로구,https://www.indeed.com/viewjob?jk=464ef95516a5fa5c
Cloud Support Engineer - Developer and Mobile Services,Amazon Web Services Korea LLC,서울,https://www.indeed.com/viewjob?jk=930a6a7d80e095bc
Cross Border Ecommerce - Business Intelligence (Based in Seoul),Shopee,서울,https://www.indeed.com/viewjob?jk=b574f1454ae36aab
검색서비스 서버 개발 신입/경력,포티투마루,서울 봉천동,https://www.indeed.com/viewjob?jk=e010f7780d479126
영상처리 Software FAE 신입,소니코리아,서울,https://www.indeed.com/viewjob?jk=f2258f107bd54586
소프트웨어 엔지니어,Nexon,성남 분당구,https://www.indeed.com/viewjob?jk=d71794dc69947981
[해외취업] 게임 개발자 / 사원 40%가 외국국적 글로벌 근무환경,엘트리,대한민국,https://www.indeed.com/viewjob?jk=3ffc7a22768918e4
[경력]서버 개발 담당자,선데이토즈,성남 분당구,https://www.indeed.com/viewjob?jk=b39044f681e9d472
요즘 시대 이웃 커뮤니티'우트'에서 개발자 팀원들을 채용합니다(총 4개 포지션),우트 주식회사,서울 성북구,https://www.indeed.com/viewjob?jk=70b17d46f5346f51
데이터 분석가 (Business Intelligence Analyst),코스닥 상장 중견 게임기업,서울 강남구,https://www.indeed.com/viewjob?jk=c1037225077ca4da
요즘 시대 이웃 커뮤니티'우트'에서 개발자 팀원들을 채용합니다(총 4개 포지션),우트 주식회사,서울 성북구,https://www.indeed.com/viewjob?jk=70b17d46f5346f51
데이터 엔지니어,리디,서울특별시,https://www.indeed.com/viewjob?jk=acbc411113b81ae5
인공지능(AI) 전문기업 솔트룩스 - 데이터 분석,솔트룩스,서울 강남구,https://www.indeed.com/viewjob?jk=513c3d86d7de0115
[금천구/벤처기업] 정규직 안드로이드 개발자,KIAC,서울,https://www.indeed.com/viewjob?jk=47b611532dc1ee8e
[Search & Clova] AI 응용 제품/서비스 개발 경력사원 (Backend_Engineer),네이버,대한민국,https://www.indeed.com/viewjob?jk=1988c9d5cb042a50
Account Solutions Architect - Mid Market,"Red Hat, Inc.",서울,https://www.indeed.com/viewjob?jk=93f1eff2333be73d
[핀테크기업] 시스템운영팀장 안내,커리어셀파,경기도 김포,https://www.indeed.com/viewjob?jk=526ac8820e376fa4
정보계(DW) 시스템 IT 개발,케이뱅크은행,서울,https://www.indeed.com/viewjob?jk=f5aa64f66cb75c48
검색서비스 서버 개발 신입/경력,포티투마루,서울 봉천동,https://www.indeed.com/viewjob?jk=e010f7780d479126
Oracle Linux and Oracle VM Product Support (Engilish & Korean),Oracle,서울,https://www.indeed.com/viewjob?jk=dcab929554f1e1e7
경력사원 수시,두산 정보통신,서울,https://www.indeed.com/viewjob?jk=7adfd2b51f057d3a
[인재풀] Central Development Services,Electronic Arts,서울,https://www.indeed.com/viewjob?jk=d9a8d22b38653d34
"Customer Solutions Engineer, Global Client and Agency Solutions",Google,서울,https://www.indeed.com/viewjob?jk=2615f45e6f912c05
데이터 개발 및 관리 운영자,에스비씨엔,서울 영등포구,https://www.indeed.com/viewjob?jk=155f9ec0ce645831
"(정규직)2019하반기~2020상반기 웹개발자, 웹디자이너 신입환영&경력우대",네오라이프코어,서울 영등포구,https://www.indeed.com/viewjob?jk=e548606e155d7df6
[기술기획] 기술기획 개발자,카카오뱅크,경기도 성남,https://www.indeed.com/viewjob?jk=54014c3b0874e69d
웹 어플리케이션 개발 로봇 카페 서버 개발 앱 백엔드 및 관리자 개발,150명 규모의 6년차 커피전문점 커피프랜차이즈,성남 분당구,https://www.indeed.com/viewjob?jk=6c08d4e5d7d11300
데이터 사이언티스트 지향하는 데이터 엔지니어,카카오 게임즈,성남 판교역,https://www.indeed.com/viewjob?jk=385c58c7ced1d77b
파생퀀트/ IT퀀트 경력직 ( ~시 까지),유안타증권,대한민국,https://www.indeed.com/viewjob?jk=35d7ed4451724d19
백엔드 개발자 (경력),크로스앵글,서울 여의도,https://www.indeed.com/viewjob?jk=af5683389907a8c9
카카오 분석 플랫폼 경력 개발자,카카오,성남 판교역,https://www.indeed.com/viewjob?jk=8ae7c240ef7d5f0b
DevOps Engineer,Nielsen,서울,https://www.indeed.com/viewjob?jk=de8ad67cf88179fe
영상처리 Software FAE 경력,소니코리아,서울,https://www.indeed.com/viewjob?jk=b720807a7cbf6d10
인프라 서비스 플랫폼 개발자,스테이지파이브,성남 판교역,https://www.indeed.com/viewjob?jk=b4e96a7dcac2f50a
Specialist Solutions Architect - Application Development,"Red Hat, Inc.",서울,https://www.indeed.com/viewjob?jk=64e343a4453f845e
증권 빅데이터 분석 연구책임자,폴리데이터랩,성남 수정구,https://www.indeed.com/viewjob?jk=206ec18cb1dee31d
Customer Facing Data Scientist,DataRobot,서울,https://www.indeed.com/viewjob?jk=823d9f2575fd87c4
Junior Full-Stack Developer,Asiance,서울,https://www.indeed.com/viewjob?jk=7268328c0d71d81c
매칭팀 - 데이터분석가,Nexon,성남 분당구,https://www.indeed.com/viewjob?jk=54a0b1ed3a827a58
모바일 앱 보안 솔루션 개발부문,스틸리언,서울 용산구,https://www.indeed.com/viewjob?jk=6718bba08ef6e20b
[대기업] Circuit Design,에이치알 컨설팅,경기도 수원,https://www.indeed.com/viewjob?jk=01565beafeef9dfd
Customer Facing Data Scientist,Ever Better Recruitment (EBR),서울,https://www.indeed.com/viewjob?jk=b06176c3a7092e0a
데이터플랫폼실 - Software Engineer,Nexon,성남 분당구,https://www.indeed.com/viewjob?jk=6ecc8058c1538843
"주식운용본부(인덱스, 퀀트)",현대인베스트먼트자산운용,대한민국,https://www.indeed.com/viewjob?jk=45194ff491600874
[데이터밸류팀] 서버개발자,카카오,성남 판교역,https://www.indeed.com/viewjob?jk=6f0ec0edcdae751b
INDEX/QUANT운용본부 신입사원,교보악사자산운용,대한민국,https://www.indeed.com/viewjob?jk=22f37b921213afa9
Developer Advocate,SendBird,서울,https://www.indeed.com/viewjob?jk=dc821489255954fd
SAP Architect,Amazon Web Services Korea LLC,서울,https://www.indeed.com/viewjob?jk=9301d45725046c1b
Unity S/W 개발 - 정규직,우누스 오토메이션 시스템즈,서울 강서구,https://www.indeed.com/viewjob?jk=e2d8717a88d313aa
주식 펀드매니저 (7/16 마감),현대인베스트먼트자산운용,대한민국,https://www.indeed.com/viewjob?jk=056544637aac9783
글로벌&모바일 플랫폼 운영을 담당할 를 합니다.,Nexon,성남 분당구,https://www.indeed.com/viewjob?jk=281fb1cb3dff0cf8
백엔드 엔지니어 (e-커머스),리디,서울특별시,https://www.indeed.com/viewjob?jk=fccde67d76f9359a
네트워크 자동화 개발자,Nexon,성남 분당구,https://www.indeed.com/viewjob?jk=5ff17b27cd83a1c0
Platform/BSP SW APPS Engineering - Engineer/Sr. Engineer,Qualcomm,서울,https://www.indeed.com/viewjob?jk=103175b04a715b9b
운용본부 알고리즘 개발,쿼터백자산운용,대한민국,https://www.indeed.com/viewjob?jk=e742b9139ca08058
[Search & Clova] 파파고 이미지 번역 연구/개발 경력사원,네이버,대한민국,https://www.indeed.com/viewjob?jk=efa90b57800ac678
Infrastructure (DevOps) Engineer,SendBird,서울,https://www.indeed.com/viewjob?jk=4639db660bb6e345
키친엑스 자동화 기계관련 일 함께할 인재.(IOT시스템 구축),키친엑스,서울 갈월동,https://www.indeed.com/viewjob?jk=564ab7bb971c3486
국내 CRM 분석,인코리아 프로페셔널(헤드헌팅),서울 강남구,https://www.indeed.com/viewjob?jk=51a0fd8b3f50c295
Cross Border Ecommerce - Business Intelligence (Based in Seoul),Shopee,서울,https://www.indeed.com/viewjob?jk=b574f1454ae36aab
AI 개발/Data Scientist/시스템 아키텍쳐/빅데이터엔지니어 경력직,신한에이아이,서울 영등포구,https://www.indeed.com/viewjob?jk=de44729f90fcae6e
데이터 분석가 (Business Intelligence Analyst),코스닥 상장 중견 게임기업,서울 강남구,https://www.indeed.com/viewjob?jk=c1037225077ca4da
요즘 시대 이웃 커뮤니티'우트'에서 개발자 팀원들을 채용합니다(총 4개 포지션),우트 주식회사,서울 성북구,https://www.indeed.com/viewjob?jk=70b17d46f5346f51
모바일 앱 보안 솔루션 개발부문,스틸리언,서울 용산구,https://www.indeed.com/viewjob?jk=6718bba08ef6e20b
INDEX/QUANT운용본부 신입사원,교보악사자산운용,대한민국,https://www.indeed.com/viewjob?jk=22f37b921213afa9
지구·환경공학부 환경시스템공학 연구실 위촉연구원,광주과학기술원,광주 북구,https://www.indeed.com/viewjob?jk=d425b24146af3fa1
"AWS 클라우드 기반 Data Lake, Big Data, DW, AI, Analytics, CRM 관련 사업 데이터 모델","15년 연혁의 시스템소프트웨어 개발,공급,홈페이지 구축,모바일컨텐츠서비스 개발 및 공급업체",서울 강남구,https://www.indeed.com/viewjob?jk=5933a93e649b6a49
[데이터밸류팀] 서버개발자,카카오,성남 판교역,https://www.indeed.com/viewjob?jk=6f0ec0edcdae751b
주식 펀드매니저 (7/16 마감),현대인베스트먼트자산운용,대한민국,https://www.indeed.com/viewjob?jk=056544637aac9783
MES 구축 개발,엘에스글로벌인코퍼레이티드,경기도 군포,https://www.indeed.com/viewjob?jk=59dc303ac912c8d1
Senior Software Engineer - Mobile App,ODK Media Inc,서울 강남구,https://www.indeed.com/viewjob?jk=42cbe47d02dd0012
[인재풀] 아티스트,Electronic Arts,서울,https://www.indeed.com/viewjob?jk=aac8e9355cb855ac
빅데이터 사이언스,케이뱅크은행,서울,https://www.indeed.com/viewjob?jk=117108f4cde5b144
[핀테크기업] 시스템운영팀장 안내,커리어셀파,경기도 김포,https://www.indeed.com/viewjob?jk=526ac8820e376fa4
키친엑스 자동화 기계관련 일 함께할 인재.(IOT시스템 구축),키친엑스,서울 갈월동,https://www.indeed.com/viewjob?jk=564ab7bb971c3486
지스트 블록체인경제센터(강남소재) 계약직연구원,광주과학기술원,광주 북구,https://www.indeed.com/viewjob?jk=794e209e405f4fc0
데이터플랫폼실 - Software Engineer,Nexon,성남 분당구,https://www.indeed.com/viewjob?jk=6ecc8058c1538843
[던전앤파이터] 2D/3D 게임그래픽 기술개발 (TA/엔진프로그래머/툴 프로그래머),네오플,서울 강남구,https://www.indeed.com/viewjob?jk=ed7549ec7d5c9ccd
코리아서버호스팅 백엔드 개발자,코리아서버호스팅,서울 서초구,https://www.indeed.com/viewjob?jk=33615805797c823f
매칭팀 - 데이터분석가,Nexon,성남 분당구,https://www.indeed.com/viewjob?jk=54a0b1ed3a827a58
[대기업] Circuit Design,에이치알 컨설팅,경기도 수원,https://www.indeed.com/viewjob?jk=01565beafeef9dfd
Senior Back-end Developer,Asiance,서울,https://www.indeed.com/viewjob?jk=27352452ed0a0ea9
데이터 사이언티스트 지향하는 데이터 엔지니어,카카오 게임즈,성남 판교역,https://www.indeed.com/viewjob?jk=385c58c7ced1d77b
Senior Data Scientist - AWS Professional Services,Amazon Web Services Korea LLC,서울,https://www.indeed.com/viewjob?jk=37da5b148b2d3ef4
Data Specialist (Scientist&&Engineer),아우름플래닛,서울 마포구,https://www.indeed.com/viewjob?jk=dd4d8e59a4a9265d
[관계사] 카카오모빌리티 DevOps엔지니어,카카오,대한민국,https://www.indeed.com/viewjob?jk=3429314fff887dea
데이터 엔지니어,크로스앵글,서울 여의도,https://www.indeed.com/viewjob?jk=ae15250b0a7f47e0
MongoDB Engineer,카카오,성남 판교역,https://www.indeed.com/viewjob?jk=2695294aea6dc3b6
기후 분석&모델링연구실 시간제연구원,광주과학기술원,광주 북구,https://www.indeed.com/viewjob?jk=78d1ec77f4a5e0dc
[Search & Clova]검색서비스 FE 개발 및 운영 경력사원,네이버,대한민국,https://www.indeed.com/viewjob?jk=5070ee3c1c449a1a
각 부문별 수시,KIS채권평가,대한민국,https://www.indeed.com/viewjob?jk=1b51ad0d9ab48803
헬스케어 데이터 비즈니스 선도할 개발자,원스글로벌,안산 단원구,https://www.indeed.com/viewjob?jk=4b377715f5a4725c
"경력사원 추가(정보보호담당, 개인정보보호담당,법무담당)",제주항공,서울 강서구,https://www.indeed.com/viewjob?jk=04e29ad6a0e7c303
저축은행 소비자금융 Data Science,국내자본 저축은행,서울 구로구,https://www.indeed.com/viewjob?jk=9cd311595b3e4bea
"DataAnalysis,생명공학,python,머신러닝,R 외 경력무관",닥터노아바이오텍,수원 영통구,https://www.indeed.com/viewjob?jk=4d184098e599d76e
모바일 어플리케이션 개발자,커넥트닷,경기도 성남,https://www.indeed.com/viewjob?jk=11dba955adf6a352
카카오 분석 플랫폼 경력 개발자,카카오,성남 판교역,https://www.indeed.com/viewjob?jk=8ae7c240ef7d5f0b
VP of Engineering,"Miso, Inc.",서울,https://www.indeed.com/viewjob?jk=9fbc5b419b297dee
증권 빅데이터 분석 연구책임자,폴리데이터랩,성남 수정구,https://www.indeed.com/viewjob?jk=206ec18cb1dee31d
Database Engineer (Storage Platform),Coupang,서울,https://www.indeed.com/viewjob?jk=94f2bbbeb53f3458
Automotive Display SW APPS Engineering - Engineer/Sr. Engineer,Qualcomm,서울,https://www.indeed.com/viewjob?jk=c853cf6736312a6e
SAP Architect,Amazon Web Services Korea LLC,서울,https://www.indeed.com/viewjob?jk=9301d45725046c1b
DevOps Engineer,Nielsen,서울,https://www.indeed.com/viewjob?jk=de8ad67cf88179fe
[EY한영] 컨설팅본부(Advisory) PI-Customer팀 경력직 모집,EY,대한민국,https://www.indeed.com/viewjob?jk=aa9fe8e9fd5c6f84
저축은행 디지털 LAB,국내자본 저축은행,서울 구로구,https://www.indeed.com/viewjob?jk=a58b91ab3d74f02d
멜론 서비스 데이터 분석 및 개발자,카카오,성남 판교역,https://www.indeed.com/viewjob?jk=8f0dfcd582982dcb
[EY한영] 컨설팅본부(Advisory) Java 개발자 경력직 모집,EY,대한민국,https://www.indeed.com/viewjob?jk=52a34298ecaaac39
[Search & Clova] AI 응용 제품/서비스 개발 경력사원 (Backend_Engineer),네이버,대한민국,https://www.indeed.com/viewjob?jk=1988c9d5cb042a50
[신입/경력]Software Engineer 담당자,이스트게임즈,서울 서초구,https://www.indeed.com/viewjob?jk=b932ddb529492df8
"[해외취업] 누리누비, 시스템개발자/응용프로그래머",에임하이글로벌,대한민국,https://www.indeed.com/viewjob?jk=af1108898d2635f1
데이터 엔지니어,리디,서울특별시,https://www.indeed.com/viewjob?jk=acbc411113b81ae5
[KSTEC] 2019년 신입 및 경력 (SW개발자),지식시스템,성남 분당구,https://www.indeed.com/viewjob?jk=13531bc478e5330a
데이터분석가(게임어뷰징 탐지),Nexon,성남 분당구,https://www.indeed.com/viewjob?jk=ea3b136c0ff59524
데이터 분석가 (Business Intelligence Analyst),코스닥 상장 중견 게임기업,서울 강남구,https://www.indeed.com/viewjob?jk=c1037225077ca4da
DBA담당자,해커스,서울 강남구,https://www.indeed.com/viewjob?jk=1f7f2b48cf91125b
[Mobile] 데이터 분석가 (신입/경력),펍지,서울,https://www.indeed.com/viewjob?jk=35d9e2deb358eb6c
[경력]게임 서버 개발 담당자,트리노드,서울 강남구,https://www.indeed.com/viewjob?jk=8e1c79cf2693adc7
[반도체IP 기업] Video Codec HW (Junior/Senior급),커리어라임즈,서울,https://www.indeed.com/viewjob?jk=a45ea32bb829e30f
주니어 데이터 사이언티스트 / Junior Data Scientist,Bagelcode,서울,https://www.indeed.com/viewjob?jk=81848f01b547f90b
TOAST Cloud 사업기획/영업/마케팅,NHN,성남 판교역,https://www.indeed.com/viewjob?jk=6b86ea39985912b6
"[해외취업] / 사무라이테크놀로지 시스템 엔지니어 프로그래머 정규직,계약직",이노리버,대한민국,https://www.indeed.com/viewjob?jk=c14759611c34e60b
Senior Specialist Consultant - AI/ML,Amazon Web Services Korea LLC,서울,https://www.indeed.com/viewjob?jk=b51ca785a45edf17
사내 인증 개발자,Nexon,성남 분당구,https://www.indeed.com/viewjob?jk=45ddfc75e84619c0
파이썬SW 금융분야 특화 챗봇 개발 함께 할 엔지니어,파운트,서울 충정로역,https://www.indeed.com/viewjob?jk=ffd9cedb23e97344
CATIA Automation 개발자 정규직,케이이노텍,서울특별시,https://www.indeed.com/viewjob?jk=64daf0c3d957e705
웹 개발 경력(3년)직,비스퀘어,부산 해운대구,https://www.indeed.com/viewjob?jk=cf14975b7c16c9e8
Software Engineer,Nexon,성남 분당구,https://www.indeed.com/viewjob?jk=49335253c9d14ed4
TOAST Cloud 운영 및 기술지원,NHN,성남 판교역,https://www.indeed.com/viewjob?jk=ad07d6a330fb619a
데이터 분석가 / Business Analyst,Bagelcode,서울,https://www.indeed.com/viewjob?jk=f10477b81840d778
메신저서비스 개발/기획/디자인 경력사원,다날,성남 분당구,https://www.indeed.com/viewjob?jk=c137862ca9316264
Senior Software Engineer - Mobile App,ODK Media Inc,서울 강남구,https://www.indeed.com/viewjob?jk=42cbe47d02dd0012
"카카오콘 앱(iOS), 서버 경력 개발자",카카오 게임즈,대한민국,https://www.indeed.com/viewjob?jk=b9974ad79659bb6d
시스템통합(SI),씨엔씨네트웍스,전라남도 나주,https://www.indeed.com/viewjob?jk=257a122f363fde12
(Search&Clova) Clova 음성인식 기술 개발 경력사원 모집,NAVER,성남 정자동,https://www.indeed.com/viewjob?jk=4942a8c35ffccd85
개발팀장 (의료영상 기반 상용 SW),애니메디솔루션 주식회사,서울 송파구,https://www.indeed.com/viewjob?jk=87668d9fb1dbcb2e
(주)웨이브웨어 2019 년도 신입사원 (개발자),웨이브웨어,대전 유성구,https://www.indeed.com/viewjob?jk=0395060bcfd34c94
모바일 어플리케이션 백엔드 개발자,위아프렌즈,서울 노원구,https://www.indeed.com/viewjob?jk=bf2cc4de27465bc3
8퍼센트 경력 개발자,8퍼센트,서울 종로구,https://www.indeed.com/viewjob?jk=464ef95516a5fa5c
Senior Full-Stack Developer,Asiance,서울,https://www.indeed.com/viewjob?jk=dcbce45dbe2d3679
Senior Solutions Architect - Amazon Connect,Amazon Web Services Korea LLC,서울,https://www.indeed.com/viewjob?jk=5c6723a17ad467f6
Cloud Security Engineer,SendBird,서울,https://www.indeed.com/viewjob?jk=9a44a1a18ab4635c
데이터 사이언티스트 / Data Scientist,Bagelcode,서울,https://www.indeed.com/viewjob?jk=d0ae3cf7638734ac
매칭팀 - 프로그래머,Nexon,성남 분당구,https://www.indeed.com/viewjob?jk=3e757382342b3c98
데이터인프라개발팀 - 데이터 엔지니어,Nexon,성남 분당구,https://www.indeed.com/viewjob?jk=c499b3dde5c2e196
Automotive Display SW APPS Engineering - Engineer/Sr. Engineer,Qualcomm,서울,https://www.indeed.com/viewjob?jk=c853cf6736312a6e
웹 개발 경력(12년)직,비스퀘어,부산 해운대구,https://www.indeed.com/viewjob?jk=d33d4800a8505288
[경력]서버 개발 담당자,선데이토즈,성남 분당구,https://www.indeed.com/viewjob?jk=b39044f681e9d472
VP of Engineering,"Miso, Inc.",서울,https://www.indeed.com/viewjob?jk=9fbc5b419b297dee
Automotive Graphics SW APPS Engineering - Engineer/Sr. Engineer,Qualcomm,서울,https://www.indeed.com/viewjob?jk=277b3d72e827b50c
"MVP 개발 엔지니어(서버, 웹프론트) (정규직, 계약직, 프리랜서)",더테스터,대전 중구,https://www.indeed.com/viewjob?jk=1748baa27965fdbf
[반도체IP 기업] Video Codec - RTL Design/Verification (Jr/Sr급),커리어라임즈,서울,https://www.indeed.com/viewjob?jk=b2e9e69dc7511de2
데이터분석(모바일App)(경력6~9년) - 유명상장유통서비스대기업,타겟컨설팅,서울,https://www.indeed.com/viewjob?jk=5f6c6ca1ea8d9eaf
"IT 기획, 운영 (대리-과장급) 초빙 - 유명 유통사",로이스에이치알,서울,https://www.indeed.com/viewjob?jk=b4e795fb8e6fd0ed
모바일앱 분석툴 유저해빗 웹개발자,유저해빗,서울 마포구,https://www.indeed.com/viewjob?jk=100bfdb71c3c4fde
백엔드 플랫폼 엔지니어 - Devops (신입),펍지,서울,https://www.indeed.com/viewjob?jk=adb5ac4e37052a3c
Sr. Back-end Engineer (Query Understanding),Coupang,서울,https://www.indeed.com/viewjob?jk=0df2999925f12355
모바일 어플리케이션 개발자,커넥트닷,경기도 성남,https://www.indeed.com/viewjob?jk=11dba955adf6a352
() Automotive 반도체 연구 개발 및 지원(FAE) 업무 - 상시 중,넥스트칩,성남 분당구,https://www.indeed.com/viewjob?jk=b8e67dbfa474f096
[금융지주 계열사] 빅데이터 엔지니어,에이치알 컨설팅,대한민국,https://www.indeed.com/viewjob?jk=ead7fe51057b0d16
"AWS 클라우드 기반 Data Lake, Big Data, DW, AI, Analytics, CRM 관련 사업 데이터 모델","15년 연혁의 시스템소프트웨어 개발,공급,홈페이지 구축,모바일컨텐츠서비스 개발 및 공급업체",서울 강남구,https://www.indeed.com/viewjob?jk=5933a93e649b6a49
[금융권] Sales QA 개발,오픈마인즈,서울 종로구,https://www.indeed.com/viewjob?jk=a4e6643a9068cf7b
이상탐지팀- 웹프로그래머,Nexon,성남 분당구,https://www.indeed.com/viewjob?jk=4a426e3ffacd161c
Principal Business Analysis (Growth Marketing Analytics),Coupang,서울,https://www.indeed.com/viewjob?jk=2b8a63d6cc91a04c
Full Stack Developer,"Miso, Inc.",서울,https://www.indeed.com/viewjob?jk=637551fc453b49fc
요즘 시대 이웃 커뮤니티'우트'에서 개발자 팀원들을 채용합니다(총 4개 포지션),우트 주식회사,서울 성북구,https://www.indeed.com/viewjob?jk=70b17d46f5346f51
데이터 분석가 (Business Intelligence Analyst),코스닥 상장 중견 게임기업,서울 강남구,https://www.indeed.com/viewjob?jk=c1037225077ca4da
[IDC 기업] 리눅스 엔지니어,에이치알 컨설팅,대한민국,https://www.indeed.com/viewjob?jk=05394d3059136a32
[대기업] 빅데이터 분석기술 개발,에이치알 컨설팅,대한민국,https://www.indeed.com/viewjob?jk=099a40b7f0c5c683
저축은행 소비자금융본부 Data Science 팀,국내자본 저축은행,서울 구로구,https://www.indeed.com/viewjob?jk=7376f377161ea4f2
Robot SW Engineer 그룹 IT인프라 구축,그룹 IT인프라 구축,서울특별시,https://www.indeed.com/viewjob?jk=7c7f6f9c070d78bd
데이터분석 (경력),퍼포먼스바이티비더블유에이,서울,https://www.indeed.com/viewjob?jk=ef5d02e80e5ac851
"Specialist Solutions Architect II, Analytics",Amazon Web Services Korea LLC,서울,https://www.indeed.com/viewjob?jk=0744d7fe5badb8a3
메신저서비스 개발/기획/디자인 경력사원,다날,성남 분당구,https://www.indeed.com/viewjob?jk=c137862ca9316264
AI Algorithm Developer,펄핏,서울 강남구,https://www.indeed.com/viewjob?jk=88b7dece067cd1c6
링크샵스 플랫폼 개발 및 유지보수 담당,링크샵스,서울 중구,https://www.indeed.com/viewjob?jk=a6d0f0030a9ad230
Back-end Developer,"Miso, Inc.",서울,https://www.indeed.com/viewjob?jk=4331794af8a7b9c5
Full Stack Developer,"Miso, Inc.",서울,https://www.indeed.com/viewjob?jk=637551fc453b49fc
"IT 기획, 운영 (대리-과장급) 초빙 - 유명 유통사",로이스에이치알,서울,https://www.indeed.com/viewjob?jk=b4e795fb8e6fd0ed
"Cloud기반의 인프라 운용 및 OS(Linux, Windows)/application 의 운용이 가능한 인원 또는 교육 이수자","15년 연혁의 시스템소프트웨어 개발,공급,홈페이지 구축,모바일컨텐츠서비스 개발 및 공급업체",서울 강남구,https://www.indeed.com/viewjob?jk=cb5de3f9d0a98a7c
경력사원 수시,두산 정보통신,서울,https://www.indeed.com/viewjob?jk=7adfd2b51f057d3a
데이터사이언티스트,글로벌 의료기기 회사,서울 가산동,https://www.indeed.com/viewjob?jk=889c0fce3faa3853
각 부문별 신입/경력 ( 프로덕션: 번역부분 우대),토이온,성남 수정구,https://www.indeed.com/viewjob?jk=c19e5049b686b034
고성능 게임 피드백 서버 개발,Nexon,성남 분당구,https://www.indeed.com/viewjob?jk=952e0a8d9bac4aea
Back-end Web Engineer,Success Korea,서울 서초구,https://www.indeed.com/viewjob?jk=89067ba5fc5296c0
빅데이터 엔지니어 경력직(정규직),신한에이아이,서울 영등포구,https://www.indeed.com/viewjob?jk=59e5ed1c3c1ff691
Software Engineer - Data Platform,펍지,서울,https://www.indeed.com/viewjob?jk=e53e9a565e6d79df
(Search&Clova) Clova 음성인식 기술 개발 경력사원 모집,NAVER,성남 정자동,https://www.indeed.com/viewjob?jk=4942a8c35ffccd85
위시켓과 함께할 서버개발자님,위시켓,서울 강남구,https://www.indeed.com/viewjob?jk=a3a65a4d59061430
WaveBridge BackEnd Developer 경력직,웨이브릿지,서울 강남구,https://www.indeed.com/viewjob?jk=ea7a7ab6e15151c1
다크어벤저3 서버프로그래머 (경력3년이상),Nexon,성남 분당구,https://www.indeed.com/viewjob?jk=9610a215e43c2810
10대그룹IT계열사 IT포지션 중,에이치알 컨설팅,서울 종로구,https://www.indeed.com/viewjob?jk=2d8d7f86379461fd
웹 개발 경력(3년)직,비스퀘어,부산 해운대구,https://www.indeed.com/viewjob?jk=cf14975b7c16c9e8
Data Scientist,에너지 거래소 및 에너지데이터 중개,서울,https://www.indeed.com/viewjob?jk=1622a08497f8c091
백엔드 파운트 시스템 엔지니어 (현재 급여수준 이상 보장),파운트,서울 충정로역,https://www.indeed.com/viewjob?jk=d6c05c588971df5a
[경력] 회계 감사 디지털 전문가 - DPP,삼정 KPMG,서울 강남구,https://www.indeed.com/viewjob?jk=5104262b441217e5
대기업 영상보안 네트워크 프로토콜 SW 개발 정규직,인파트너스,서울 서초구,https://www.indeed.com/viewjob?jk=b4f6d8a8517cf6f7
[Mobile] 데이터 분석가 (신입/경력),펍지,서울,https://www.indeed.com/viewjob?jk=35d9e2deb358eb6c
가상화폐 개발 경력자,휴먼디지털,서울,https://www.indeed.com/viewjob?jk=eb524bae20ec458a
[기술기획] 기술기획 개발자,한국카카오은행,성남 분당구,https://www.indeed.com/viewjob?jk=d1899493ea77dee5
[해외취업] 라쿠스루 _ 서버사이드 엔지니어,글로벌터치코리아,대한민국,https://www.indeed.com/viewjob?jk=288fe3ae93f852ab
신입 Field Application Engineer (VECTOR KOREA IT),벡터코리아아이티,서울 용산구,https://www.indeed.com/viewjob?jk=682a1ab7137d5221
"Principal, Business Analysis (Coupang Eats)",Coupang,서울,https://www.indeed.com/viewjob?jk=2cca42ee0951d4be
Big Data Engineer,휴먼디지털,서울,https://www.indeed.com/viewjob?jk=6863b8ecbee9cb28
"[대기업] 인사팀 (조직문화, 통계분석)",에이치알 컨설팅,대한민국,https://www.indeed.com/viewjob?jk=8933ec4536215c49
[반도체IP 기업] Video Codec - RTL Design/Verification (Jr/Sr급),커리어라임즈,서울,https://www.indeed.com/viewjob?jk=b2e9e69dc7511de2
백엔드 플랫폼 엔지니어 - Devops (경력),펍지,서울,https://www.indeed.com/viewjob?jk=c0d0864dfaa84124
데이터 분석가 / Business Analyst,Bagelcode,서울,https://www.indeed.com/viewjob?jk=f10477b81840d778
"JAVA, 펌웨어(Firmware) 경력 정규직, 계약직, 프리랜서",가온시스템즈,서울 강서구,https://www.indeed.com/viewjob?jk=8932156496476611
백엔드 플랫폼 엔지니어 - Devops (신입),펍지,서울,https://www.indeed.com/viewjob?jk=adb5ac4e37052a3c
[금융권] Sales QA 개발,오픈마인즈,서울 종로구,https://www.indeed.com/viewjob?jk=a4e6643a9068cf7b
Automotive Graphics SW APPS Engineering - Engineer/Sr. Engineer,Qualcomm,서울,https://www.indeed.com/viewjob?jk=277b3d72e827b50c
DBA담당자,해커스,서울 강남구,https://www.indeed.com/viewjob?jk=1f7f2b48cf91125b
시스템 프로그래머,에너지 거래소 및 에너지데이터 중개,서울,https://www.indeed.com/viewjob?jk=33fbfcd01ae23602
Data Scientist (사원~차장급),에이치알 컨설팅,서울 강남역,https://www.indeed.com/viewjob?jk=c57925000772d546
저축은행 앱마케팅팀,국내자본 저축은행,서울 구로구,https://www.indeed.com/viewjob?jk=35cefd4d91c7b366
데이터분석(모바일App)(경력6~9년) - 유명상장유통서비스대기업,타겟컨설팅,서울,https://www.indeed.com/viewjob?jk=5f6c6ca1ea8d9eaf
요즘 시대 이웃 커뮤니티'우트'에서 개발자 팀원들을 채용합니다(총 4개 포지션),우트 주식회사,서울 성북구,https://www.indeed.com/viewjob?jk=70b17d46f5346f51
데이터 분석가 (Business Intelligence Analyst),코스닥 상장 중견 게임기업,서울 강남구,https://www.indeed.com/viewjob?jk=c1037225077ca4da
경력사원 수시,두산 디지털이노베이션,서울,https://www.indeed.com/viewjob?jk=dcafe087f86aaa47
(주)엘솔루 웹개발자,㈜엘솔루,서울,https://www.indeed.com/viewjob?jk=f96c6c892a013cf0
[관계사] 카카오페이 SRE (Site Reliability Engineer),카카오,대한민국,https://www.indeed.com/viewjob?jk=6327c7e5029de0b3
Senior Business Analyst (Retail Program Management),Coupang,서울,https://www.indeed.com/viewjob?jk=7772fd53bc80acde
파이썬SW 금융분야 특화 챗봇 개발 함께 할 엔지니어,파운트,서울 충정로역,https://www.indeed.com/viewjob?jk=ffd9cedb23e97344
빅데이터 및 AI기반의 마케팅 마케터 및 플랫폼기획자,컨셉터스(CONCEPTERS),서울 강남구,https://www.indeed.com/viewjob?jk=1b476fce2cad78bb
[금융지주 계열사] AI개발 / Data Scientist,에이치알 컨설팅,대한민국,https://www.indeed.com/viewjob?jk=c549292aede07d52
[IDC 기업] OpenStack 엔지니어,에이치알 컨설팅,성남 분당구,https://www.indeed.com/viewjob?jk=94e0da435add40a4
[IDC 기업] API 개발자,에이치알 컨설팅,성남 분당구,https://www.indeed.com/viewjob?jk=8e432471acbf1c01
TOIION 토이온 전산 인프라 운영 스탭,토이온,성남 수정구,https://www.indeed.com/viewjob?jk=c7c315d68ab45e13
가상화폐 프로그래머,휴먼디지털,서울,https://www.indeed.com/viewjob?jk=527ede840149154c
[금융지주 계열사] 빅데이터 엔지니어,에이치알 컨설팅,대한민국,https://www.indeed.com/viewjob?jk=ead7fe51057b0d16
OTC운용팀 파생/IT 퀀트 경력직,유안타증권,대한민국,https://www.indeed.com/viewjob?jk=6b92af73c4433b6f
Front-end Developer,"Miso, Inc.",서울,https://www.indeed.com/viewjob?jk=fd0a27a242aeacc8
"Cloud DBA RDBMS(Oracle, Mysql, Postgresql, MS-SQL 등) 관리 및 운영","15년 연혁의 시스템소프트웨어 개발,공급,홈페이지 구축,모바일컨텐츠서비스 개발 및 공급업체",서울 강남구,https://www.indeed.com/viewjob?jk=e2aaedce173f1b06
TOAST Cloud 플랫폼 및 서비스 개발,NHN,성남 판교역,https://www.indeed.com/viewjob?jk=ea2cf2a5e929b0ee
개발팀장 (의료영상 기반 상용 SW),애니메디솔루션,서울 송파구,https://www.indeed.com/viewjob?jk=1b84cc83217563a2
Senior Developer - Cloud Infrastructure Development,SAP,서울,https://www.indeed.com/viewjob?jk=6569d4c4cee994f6
"Senior, Software Engineer (Search Quality Assurance)",Coupang,서울,https://www.indeed.com/viewjob?jk=7a08f5e589b10a00
Sales Manager (Born in the Cloud),Hewlett Packard Enterprise,서울,https://www.indeed.com/viewjob?jk=4a51996b0442a445
[해외취업] IT 애플리케이션 개발 엔지니어,리엔에스티,대한민국,https://www.indeed.com/viewjob?jk=451df85c49f0c9f4
"[블랙라벨] H/W 엔지니어, S/W 엔지니어 경력직",블랙라벨,인천,https://www.indeed.com/viewjob?jk=e0e9b3b8d1d423da
2020 신입생 ICT/바이오 하이테크 대졸자 취업연계 과정,한국폴리텍대학융합기술교육원,성남 분당구,https://www.indeed.com/viewjob?jk=ca7da7655917c156
ICT 서비스본부 디지털LAB,국내자본 저축은행,서울 구로구,https://www.indeed.com/viewjob?jk=5d6f265e064496e0
React Native Developer,"Miso, Inc.",서울,https://www.indeed.com/viewjob?jk=8ec0a3e170984eb3
클라우드 인프라 엔지니어,에이치알 컨설팅,서울 신대방동,https://www.indeed.com/viewjob?jk=398910d911cb1d8f
"[해외취업] IT 프로그래머,web개발 엔지니어,Java프로그래머,인프라, SES 정사원 東京근무",SEAGILE,대한민국,https://www.indeed.com/viewjob?jk=da77f7f30c8cccf1
저축은행 앱마케팅팀 데이터분석,국내자본 저축은행,서울 구로구,https://www.indeed.com/viewjob?jk=0ab285258b1cb206
[해외취업] VSN 어플리케애션개발엔지니어 정직원,이노리버,대한민국,https://www.indeed.com/viewjob?jk=ff89b47362bc7d17
의료영상처리 : 머신러닝 / 3D rendering / CAD & CAM 신입/경력 모집,애니메디솔루션 주식회사,서울 송파구,https://www.indeed.com/viewjob?jk=81ee91470e310c7c
Fullstack SW개발자,신재생에너지 분야 솔루션기업,성남 판교역,https://www.indeed.com/viewjob?jk=a2089ff8a19a429f
함께 성장할 S/W개발자 모집합니다.,주식회사 유락,전라북도 완주,https://www.indeed.com/viewjob?jk=49bb83246aaaa60c
[Back-end] 신규 커머스 플랫폼 개발,아이오앤코코리아,서울 강남구,https://www.indeed.com/viewjob?jk=d97a131a3a115a3f
[대기업] 딥러닝/영상처리,에이치알 컨설팅,대한민국,https://www.indeed.com/viewjob?jk=9f77af47cf31ddfa
저축은행 디지털뱅킹팀 데이터분석,국내자본 저축은행,서울 구로구,https://www.indeed.com/viewjob?jk=51dcabafcf7a0bb0
저축은행 디지털뱅킹팀 데이터분석 경력,국내자본 저축은행,서울 구로구,https://www.indeed.com/viewjob?jk=53ced11b1e0addce
정보통신기술 직업능력개발훈련교사,중앙직업전문학교,대구 중구,https://www.indeed.com/viewjob?jk=60cff413299028f7
AI(인공지능) 개발자,휴먼디지털,서울,https://www.indeed.com/viewjob?jk=d498993697237b33
Operations Associate (운영팀원) - 한국,Beam,서울,https://www.indeed.com/viewjob?jk=e58c6fe6fd87f03e
웹 개발 Java·JSP 경력사원,핀마트,서울 금천구,https://www.indeed.com/viewjob?jk=720358989de4d717
"프로젝트정보(국내,해외)",지아이데이타,서울 강남구,https://www.indeed.com/viewjob?jk=e0ce359619d19e10
"Partner Solutions Architect III, Analytics Specialist",Amazon Web Services Korea LLC,서울,https://www.indeed.com/viewjob?jk=7a837beac7ac8bcd
TOAST Cloud 사업기획/영업/마케팅,NHN,성남 판교역,https://www.indeed.com/viewjob?jk=6b86ea39985912b6
"로봇관련, R&D_로봇 Skill 개발",4차산업 공장 자동화 기기 및 소프트웨어,경기도 수원,https://www.indeed.com/viewjob?jk=50d0ae3f24a94532
Java/Jsp/Front-end/WEB 개발자,에코소프트,경기도,https://www.indeed.com/viewjob?jk=e6ed4f83454aa0c3
Cloud Storage Architect 국내 IT 대기업,국내 IT 대기업,서울특별시,https://www.indeed.com/viewjob?jk=703240f1af245dde
"Solutions Architect II - AMAZON Web Services, Korea",Amazon Web Services Korea LLC,서울,https://www.indeed.com/viewjob?jk=3796c8a31a447383
S/W 신규 장비 개발 엔지니어,세미티에스,수원 영통구,https://www.indeed.com/viewjob?jk=a171aaa46f49208f
Sr. Data Architect - Data Lakes & Analytics,Amazon Web Services Korea LLC,서울,https://www.indeed.com/viewjob?jk=39834f5337a56072
[KSTEC] RPA 시스템 개발 경력사원,지식시스템,성남 분당구,https://www.indeed.com/viewjob?jk=be6efc1475f2c0dd
요즘 시대 이웃 커뮤니티'우트'에서 개발자 팀원들을 채용합니다(총 4개 포지션),우트 주식회사,서울 성북구,https://www.indeed.com/viewjob?jk=70b17d46f5346f51
데이터 분석가 (Business Intelligence Analyst),코스닥 상장 중견 게임기업,서울 강남구,https://www.indeed.com/viewjob?jk=c1037225077ca4da
데이터 분석가 (Business Intelligence Analyst),코스닥 상장 중견 게임기업,서울 강남구,https://www.indeed.com/viewjob?jk=c1037225077ca4da
Web 개발(이커머스 파트)_PHP/CodeIgniter/Javascript,버드뷰,서울 마포구,https://www.indeed.com/viewjob?jk=3292e81e43884c67
Cloud Infrastructure Architect,Amazon Web Services Korea LLC,서울,https://www.indeed.com/viewjob?jk=6c193b454226bc93
Solutions Architect III - AWS Korea,Amazon Web Services Korea LLC,서울,https://www.indeed.com/viewjob?jk=8fc5722cb9223fea
서버 구축 및 관리 & PHP RESTFUL API 백엔드 개발자,캐시파이,서울 마포구,https://www.indeed.com/viewjob?jk=172fb63f77af453f
디지털마케팅본부 수신상품 기획 및 전략수립 경력자,국내자본 저축은행,서울,https://www.indeed.com/viewjob?jk=509e7ab10e54f962
운영(Business Operation Management) 경력자,유명메신저회사,서울 성동구,https://www.indeed.com/viewjob?jk=caccb1d9be6bc918
"Solutions Architect II - AI/ML Specialist, AWS Korea",Amazon Web Services Korea LLC,서울,https://www.indeed.com/viewjob?jk=6a52fffb245d6613
Operations Manager (운영팀장) - 한국,Beam,서울,https://www.indeed.com/viewjob?jk=43bf0c7e2b10e9b5
"[해외취업] Yi INC- IT 프로그래머, web개발 엔지니어, Java프로그래머, 웹디자이너 등 정사원",Yi INC. (Yi株式会社),대한민국,https://www.indeed.com/viewjob?jk=5f778071e9ca60ed
요즘 시대 이웃 커뮤니티'우트'에서 개발자 팀원들을 채용합니다(총 4개 포지션),우트 주식회사,서울 성북구,https://www.indeed.com/viewjob?jk=70b17d46f5346f51
